time,addr,bus,data
761.456566,495,2,200000008
761.456512,99999,2,40000000
761.456702,381,2,6000
761.456794,320,2,f40000004fc80233
761.457034,532,2,014000d3005000
761.457218,568,2,1
761.459128,560,2,300000000ffd
