time,addr,bus,data
761.459524,562,2,2ed9292c
761.459854,368,2,8002000000540000
761.460286,542,2,4300
761.460324,197,2,70010cd2b00219a4
761.461112,193,2,70010cd2b00219a4
761.461782,368,2,80a2000030540000
761.463788,539,2,000019000000105e
761.465512,304,2,7ffe900000001243
761.465746,193,2,70010cd2b00219a4
